﻿{
  "type": "array",
  "margin": "0",
  "content": [
    {
      "type": "array",
      "dropshadow": true,
      "orientation": "vertical",
      "content": [
        {
          "type": "itemgrid",
          "h_alignment": "center",
          "item_margin": "1,1",
          "item_size": 50,
          "rows": [
				[ "", "", "marioportrait", "mallowportrait", "genoportrait", "bowserportrait", "peachportrait", "", "" ],
				[ "", "star1", "star2", "star3", "star4", "star5", "star6", "star7", "" ],
                                [ "elderkey", "roomkey", "shedkey", "templekey", "castlekey1", "castlekey2", "bigbooflag", "drybonesflag", "greaperflag" ],
                                [ "brightcard", "altocard", "cricketpie", "cricketjam", "seed", "fertilizer", "rarefrogcoin", "bambinobomb", "shinystone" ]
          ]
        }
      ]
    }
  ]
}