﻿{
  "type": "array",
  "background": "#000000",
  "margin": "0",
  "content": [
    {
      "type": "array",
      "dropshadow": true,
      "orientation": "vertical",
      "content": [
        {
          "type": "itemgrid",
          "h_alignment": "center",
          "item_margin": "0,0",
          "item_size": 50,
          "rows": [
                                [ "", "star1", "", "", "" ],
				[ "star6", "star7", "star2", "brightcard", "altocard" ],
                                [ "star5", "star4", "star3", "rarefrogcoin", "carbocookie" ],
				[ "bigbooflag", "drybonesflag", "greaperflag", "cricketpie", "cricketjam" ],
                                [ "castlekey1", "castlekey2", "shedkey", "seed", "fertilizer" ],
                                [ "elderkey", "roomkey", "templekey", "bambinobomb", "shinystone" ],
				[ "marioportrait", "mallowportrait", "genoportrait", "bowserportrait", "peachportrait" ],
          ]
        }
      ]
    }
  ]
}