﻿{
  "map_enabled": false,
  "auto_pin_capturing_locations": false,
  "auto_unpin_on_clear": false,
  "layout_swap_left_right": false,
  "allow_resize": false,
  "disabled_image_filter": "dim",
  "layouts": {
    "shared_item_grid": {
      "type": "array",
      "h_alignment": "horizontal",
      "content": [
        {
          "type": "array",
          "orientation": "horizontal",
          "content": [
            {
              "type": "itemgrid",
              "h_alignment": "center",
              "item_margin": "0,0",
                          "item_size": 50,
			  "rows": [
				[ "", "marioportrait", "mallowportrait", "genoportrait", "bowserportrait", "peachportrait", "" ],
				[ "elderkey", "roomkey", "bigbooflag", "altocard", "cricketpie", "seed" ],
                                [ "shedkey", "templekey", "drybonesflag", "brightcard", "cricketjam", "fertilizer" ],
				[ "castlekey1", "castlekey2", "greaperflag", "rarefrogcoin", "bambinobomb", "shinystone" ],
				[ "star1", "star2", "star3", "star4", "star5", "star6", "star7" ],
              ]
            }
          ]
        }
      ]
    },
    "tracker_capture_item": {
      "type": "container",
      "content": {
        "type": "layout",
        "key": "shared_item_grid"
      }
    },
    "tracker_default": {
      "type": "container",
      "width": 350,
      "height": 250,
      "background": "#000000",
      "content": {
        "dropshadow": false,
        "margin": 0,
        "type": "layout",
        "key": "shared_item_grid"
      }
    }
  }
}
