[
  // star1
  {
    "name": "Star 1",
    "type": "toggle",
    "loop": "true",
    "img": "images/star1.png",
    "codes": "star1, 1star, s1"
  },
  // star2
  {
    "name": "Star 2",
    "type": "toggle",
    "loop": "true",
    "img": "images/star2.png",
    "codes": "star2, 2star, s2"
  },
  // star3
  {
    "name": "Star 3",
    "type": "toggle",
    "loop": "true",
    "img": "images/star3.png",
    "codes": "star3, 3star, s3"
  },
  // star4
  {
    "name": "Star 4",
    "type": "toggle",
    "loop": "true",
    "img": "images/star4.png",
    "codes": "star4, 4star, s4"
  },
  // star5
  {
    "name": "Star 5",
    "type": "toggle",
    "loop": "true",
    "img": "images/star5.png",
    "codes": "star5, 5star, s5"
  },
  // star6
  {
    "name": "Star 6",
    "type": "toggle",
    "loop": "true",
    "img": "images/star6.png",
    "codes": "star6, 6star, s6"
  },
  // star7
  {
    "name": "Star 7",
    "type": "toggle",
    "loop": "true",
    "img": "images/star7.png",
    "codes": "star7, 7star, s7"
  },
  // castlekey1
  {
    "name": "Castle Key 1",
    "type": "progressive",
    "stages": [
      {
        "img": "images/castlekey1.png",
        "codes": "key1, castlekey1, castle1, ckey1, 1key, 1ckey"
      },
      {
        "img": "images/castlekey1x.png",
        "codes": "key1, castlekey1, castle1, ckey1, 1key, 1ckey"
      },
    ]
  },
  // castlekey2
  {
    "name": "Castle Key 2",
    "type": "progressive",
    "stages": [
      {
        "img": "images/castlekey2.png",
        "codes": "key2, castlekey2, castle2, ckey2, 2key, 2ckey"
      },
      {
        "img": "images/castlekey2x.png",
        "codes": "key2, castlekey2, castle2, ckey2, 2key, 2ckey"
      },
    ]
  },
  // bambinobomb
  {
    "name": "Bambino Bomb",
    "type": "progressive",
    "stages": [
      {
        "img": "images/bambinobomb.png",
        "codes": "bambinobomb, bambino, bomb, bb"
      },
      {
        "img": "images/bambinobombx.png",
        "codes": "bambinobomb, bambino, bomb, bb"
      },
    ]
  },
  // brightcard
  {
    "name": "Bright Card",
    "type": "toggle",
    "loop": "true",
    "img": "images/brightcard.png",
    "codes": "brightcard, bcard, bright, cardb, bc"
  },
]