﻿{
  "map_enabled": true,
  "auto_pin_capturing_locations": false,
  "auto_unpin_on_clear": false,
  "layout_swap_left_right": false,
  "allow_resize": true,
  "disabled_image_filter": "grayscale, dim",
  "layouts": {
    "shared_item_grid": {
      "type": "array",
      "h_alignment": "horizontal",
      "content": [
        {
          "type": "array",
          "orientation": "horizontal",
          "content": [
            {
              "type": "itemgrid",
              "h_alignment": "center",
              "item_margin": "0,0",
                          "item_size": 50,
			  "rows": [
				[ "marioportrait", "mallowportrait", "genoportrait", "bowserportrait", "peachportrait" ],
                                [ "armor", "hammer", "cymbals", "sling", "hand", "item" ],
				[ "accessory", "shell", "staff", "fan", "flail", "bomb" ]
              ]
            }
          ]
        },
      ]
    },
    "tracker_capture_item": {
      "type": "container",
      "content": {
        "type": "layout",
        "key": "shared_item_grid"
      }
    },
    "tracker_default": {
      "type": "container",
      "background": "#000000",    
      "content": {
        "type": "dock",
        "dropshadow": false,
        "content": [
          {
            "type": "dock",
            "dock": "right",
            "content": [
              {
              "type": "group",
              "header": "Bosses",
              "dock": "top",
              "margin": "2,2,2,2",
              "content": {
                "type": "array",
                "orientation": "horizontal",
                "margin": "0,0",
                "content": [
                  {
                    "type": "itemgrid",
                    "item_margin": "0,0",
                    "v_alignment": "top",
                    "item_size": 50,
                    "rows": [
                                [ "hammerbrosx", "croco1x", "mackx" ],
				[ "pandoritex", "belome1x", "bowyerx" ],
                                [ "croco2x", "punchinellox", "boosterx" ],
                                [ "grateknifeguyx", "bundtx", "starhillx" ],
				[ "kingcalamarix", "hidonx", "johnnyx" ],
                                [ "yaridovichx", "belome2x", "jaggerx" ],
                                [ "jinx1x", "jinx2x", "jinx3x" ],
				[ "culexx", "boxboyx", "megasmilaxx" ],
                                [ "dodox", "birdox", "valentinax" ],
                                [ "czarzombonex", "axemrangersx", "magikoopax" ],
				[ "boomerx", "exorx", "countdownx" ],
                                [ "cloakerdominox", "clerkx", "managerx" ],
                                [ "directorx", "gunyolkx", "smithyx" ]
                      ]
                    }
                  ]
                }
              }
            ]
          },
          {
            "type": "dock",
            "dock": "left",
            "content": [
              {
              "type": "group",
              "header": "Stars",
              "dock": "top",
              "margin": "2,2,2,2",
              "content": {
                "type": "array",
                "orientation": "horizontal",
                "margin": "0,0",
                "content": [
                  {
                    "type": "itemgrid",
                    "item_margin": "0,0",
                    "v_alignment": "top",
                    "item_size": 50,
                    "rows": [
                                [ "star1", "star2" ],
				[ "star3", "star4", "star5" ],
                                [ "star6", "star7" ]
                      ]
                    }
                  ]
                }
              },
              {
              "type": "group",
              "header": "Key Items",
              "dock": "top",
              "margin": "2,0,2,2",
              "content": {
                "type": "array",
                "orientation": "horizontal",
                "margin": "0,0",
                "content": [
                  {
                    "type": "itemgrid",
                    "item_margin": "0,0",
                    "v_alignment": "top",
                    "item_size": 50,
                    "rows": [
                                [ "elderkey", "roomkey", "bigbooflag" ],
				[ "shedkey", "templekey", "drybonesflag", ],
                                [ "castlekey1", "castlekey2", "greaperflag", ],
                                [ "cricketpie", "cricketjam", "rarefrogcoin" ],
				[ "altocard", "brightcard", "bambinobomb"],
                                [ "seed", "fertilizer", "shinystone" ]
                      ]
                    }
                  ]
                }
              },
              {
              "type": "group",
              "header": "Characters",
              "dock": "top",
              "margin": "2,0,2,2",
              "content": {
                "type": "array",
                "orientation": "horizontal",
                "margin": "0,0",
                "content": [
                  {
                    "type": "itemgrid",
                    "item_margin": "0,0",
                    "v_alignment": "top",
                    "item_size": 50,
                    "rows": [
                                [ "peachportrait", "marioportrait", "bowserportrait" ],
				[ "mallowportrait", "genoportrait" ]
                      ]
                    }
                  ]
                }
              },
            {
              "type": "group",
              "header": "Pinned Locations",
              "margin": "2,0,2,2",
              "content": {
                "type": "recentpins",
                "style": "wrap",
                "h_alignment": "left",
                "v_alignment": "stretch",
                "orientation": "vertical",
                "compact": true
              }
            }
            ]
          },
        {
          "type": "tabbed",
          "tabs": [
	    {
              "title": "World Map",
              "content": {
                "type": "map",
                "maps": [
                  "worldmap"
                  ]
                }
              }
            ]
          }
        ]
      }
    }
  }
}