[
  // star1
  {
    "name": "Star 1",
    "type": "toggle",
    "loop": "true",
    "img": "images/star1.png",
    "codes": "star1, 1star, s1"
  },
  // star2
  {
    "name": "Star 2",
    "type": "toggle",
    "loop": "true",
    "img": "images/star2.png",
    "codes": "star2, 2star, s2"
  },
  // star3
  {
    "name": "Star 3",
    "type": "toggle",
    "loop": "true",
    "img": "images/star3.png",
    "codes": "star3, 3star, s3"
  },
  // star4
  {
    "name": "Star 4",
    "type": "toggle",
    "loop": "true",
    "img": "images/star4.png",
    "codes": "star4, 4star, s4"
  },
  // star5
  {
    "name": "Star 5",
    "type": "toggle",
    "loop": "true",
    "img": "images/star5.png",
    "codes": "star5, 5star, s5"
  },
  // star6
  {
    "name": "Star 6",
    "type": "toggle",
    "loop": "true",
    "img": "images/star6.png",
    "codes": "star6, 6star, s6"
  },
  // star7
  {
    "name": "Star 7",
    "type": "toggle",
    "loop": "true",
    "img": "images/star7.png",
    "codes": "star7, 7star, s7"
  },
  // castlekey1
  {
    "name": "Castle Key 1",
    "type": "progressive",
    "stages": [
      {
        "img": "images/castlekey1.png",
        "codes": "key1, castlekey1, castle1, ckey1, 1key, 1ckey"
      },
      {
        "img": "images/castlekey1x.png",
        "codes": "key1, castlekey1, castle1, ckey1, 1key, 1ckey"
      },
    ]
  },
  // castlekey2
  {
    "name": "Castle Key 2",
    "type": "progressive",
    "stages": [
      {
        "img": "images/castlekey2.png",
        "codes": "key2, castlekey2, castle2, ckey2, 2key, 2ckey"
      },
      {
        "img": "images/castlekey2x.png",
        "codes": "key2, castlekey2, castle2, ckey2, 2key, 2ckey"
      },
    ]
  },
  // elderkey
  {
    "name": "Elder Key",
    "type": "progressive",
    "stages": [
      {
        "img": "images/elderkey.png",
        "codes": "ekey, elderkey, keye, elder"
      },
      {
        "img": "images/elderkeyx.png",
        "codes": "ekey, elderkey, keye, elder"
      },
    ]
  },
  // roomkey
  {
    "name": "Room Key",
    "type": "progressive",
    "stages": [
      {
        "img": "images/roomkey.png",
        "codes": "rkey, roomkey, keyr, room"
      },
      {
        "img": "images/roomkeyx.png",
        "codes": "rkey, roomkey, keyr, room"
      },
    ]
  },
  // shedkey
  {
    "name": "Shed Key",
    "type": "progressive",
    "stages": [
      {
        "img": "images/shedkey.png",
        "codes": "skey, shedkey, keys, shed"
      },
      {
        "img": "images/shedkeyx.png",
        "codes": "skey, shedkey, keys, shed"
      },
    ]
  },
  // templekey
  {
    "name": "Temple Key",
    "type": "progressive",
    "stages": [
      {
        "img": "images/templekey.png",
        "codes": "tkey, templekey, keyt, temple"
      },
      {
        "img": "images/templekeyx.png",
        "codes": "tkey, templekey, keyt, temple"
      },
    ]
  },
  // bigbooflag
  {
    "name": "Big Boo Flag",
    "type": "progressive",
    "stages": [
      {
        "img": "images/bigbooflag.png",
        "codes": "bigbooflag, booflag, bbflag, boo, bbf"
      },
      {
        "img": "images/bigbooflagx.png",
        "codes": "bigbooflag, booflag, bbflag, boo, bbf"
      },
    ]
  },
  // drybonesflag
  {
    "name": "Dry Bones Flag",
    "type": "progressive",
    "stages": [
      {
        "img": "images/drybonesflag.png",
        "codes": "drybonesflag, dryflag, bonesflag, dbflag, drybones, bones, dbf"
      },
      {
        "img": "images/drybonesflagx.png",
        "codes": "drybonesflag, dryflag, bonesflag, dbflag, drybones, bones, dbf"
      },
    ]
  },
  // greaperflag
  {
    "name": "Greaper Flag",
    "type": "progressive",
    "stages": [
      {
        "img": "images/greaperflag.png",
        "codes": "greaperflag, greaper, gflag, reaper, ghostflag"
      },
      {
        "img": "images/greaperflagx.png",
        "codes": "greaperflag, greaper, gflag, reaper, ghostflag"
      },
    ]
  },
  // bambinobomb
  {
    "name": "Bambino Bomb",
    "type": "progressive",
    "stages": [
      {
        "img": "images/bambinobomb.png",
        "codes": "bambinobomb, bambino, bomb, bb"
      },
      {
        "img": "images/bambinobombx.png",
        "codes": "bambinobomb, bambino, bomb, bb"
      },
    ]
  },
  // brightcard
  {
    "name": "Bright Card",
    "type": "toggle",
    "loop": "true",
    "img": "images/brightcard.png",
    "codes": "brightcard, bcard, bright, cardb, bc"
  },
  // carbocookie
  {
    "name": "Carbo Cookie",
    "type": "progressive",
    "stages": [
      {
        "img": "images/carbocookie.png",
        "codes": "carbocookie, ccookie, carboc, cook, cookie, carb, cc, biscuit"
      },
      {
        "img": "images/carbocookiex.png",
        "codes": "carbocookie, ccookie, carboc, cook, cookie, carb, cc, biscuit"
      },
    ]
  },
  // membershipcards
  {
    "name": "Membership Cards",
    "type": "progressive",
    "stages": [
      {
        "img": "images/altocard.png",
        "codes": "altocard, acard, carda, alto, card1"
      },
      {
        "img": "images/tenorcard.png",
        "codes": "tenorcard, tcard, cardt, tenor, card2"
      },
      {
        "img": "images/sopranocard.png",
        "codes": "sopranocard, scard, cards, soprano, card3"
      },
    ]
  },
  // cricketjam
  {
    "name": "Cricket Jam",
    "type": "progressive",
    "stages": [
      {
        "img": "images/cricketjam.png",
        "codes": "cricketjam, cjam, cricketj, cj, jam"
      },
      {
        "img": "images/cricketjamx.png",
        "codes": "cricketjam, cjam, cricketj, cj, jam"
      },
    ]
  },

  // cricketpie
  {
    "name": "Cricket Pie",
    "type": "progressive",
    "stages": [
      {
        "img": "images/cricketpie.png",
        "codes": "cricketpie, cpie, cricketp, cp, pie"
      },
      {
        "img": "images/cricketpiex.png",
        "codes": "cricketpie, cpie, cricketp, cp, pie"
      },
    ]
  },

  // fertilizer
  {
    "name": "Fertilizer",
    "type": "progressive",
    "stages": [
      {
        "img": "images/fertilizer.png",
        "codes": "fertilizer, fert, fart, poo, poop"
      },
      {
        "img": "images/fertilizerx.png",
        "codes": "fertilizer, fert, fart, poo, poop"
      },
    ]
  },

  // seed
  {
    "name": "Seed",
    "type": "progressive",
    "stages": [
      {
        "img": "images/seed.png",
        "codes": "seed, bud, flower"
      },
      {
        "img": "images/seedx.png",
        "codes": "seed, bud, flower"
      },
    ]
  },

  // rarefrogcoin
  {
    "name": "Rare Frog Coin",
    "type": "progressive",
    "stages": [
      {
        "img": "images/rarefrogcoin.png",
        "codes": "rarefrogcoin, rarefrog, rarecoin, frogcoin, rare, frog, coin, rfc, fc"
      },
      {
        "img": "images/rarefrogcoinx.png",
        "codes": "rarefrogcoin, rarefrog, rarecoin, frogcoin, rare, frog, coin, rfc, fc"
      },
    ]
  },

  // shinystone
  {
    "name": "Shiny Stone",
    "type": "progressive",
    "stages": [
      {
        "img": "images/shinystone.png",
        "codes": "shinystone, shiny, stone, ss, sstone, shinys"
      },
      {
        "img": "images/shinystonex.png",
        "codes": "shinystone, shiny, stone, ss, sstone, shinys"
      },
    ]
  },
]