[
  {
    "name": "World Map",
    "color": "#316534",
    "children": [
      {
        "name": "Mario's Pad",
        "sections": [
          {
            "name": "Under Mario's Bed",
            "hosted_item": "dbfkeyitem",
            "capture_item": false
          }
        ],
        "map_locations": [
          {
            "map": "worldmap",
            "x": 430,
            "y": 192
          }
        ]
      },
      {
        "name": "Vista Hill",
        "sections": [
          {
            "name": "Did you mean to go to Bowser's Keep?",
            "hosted_item": "bowserthump",
            "capture_item": false
          }
        ],
        "map_locations": [
          {
            "map": "worldmap",
            "x": 384,
            "y": 164
          }
        ]
      },
      {
        "name": "Mushroom Way",
        "sections": [
          {
            "name": "Hammer Bros (100 HP)",
            "hosted_item": "hammerbros",
            "capture_item": false
          },
          {
            "name": "Randomized Items",
            "hosted_item": "mwchest0",
            "capture_item": false
          }
        ],
        "map_locations": [
          {
            "map": "worldmap",
            "x": 480,
            "y": 188
          }
        ]
      },
      {
        "name": "Mushroom Kingdom",
        "sections": [
          {
            "name": "Mack (600 HP)",
            "access_rules": ["croco1"],
            "hosted_item": "mack",
            "capture_item": false
          },
          {
            "name": "Rare Frog Coin Exchange",
            "access_rules": ["rarefrogcoin"],
            "hosted_item": "cpkeyitem",
            "capture_item": false
          },
          {
            "name": "Randomized Items",
            "hosted_item": "mkchest0",
            "capture_item": false
          },
          {
            "name": "Invasion Randomized Items",
            "access_rules": ["croco1"],
            "hosted_item": "mk1chest0",
            "capture_item": false
          },
          {
            "name": "Wallet Rewards",
            "access_rules": ["mack"],
            "hosted_item": "mk2chest0",
            "capture_item": false
          },
          {
            "name": "Shop",
            "hosted_item": "mkcoin",
            "capture_item": true
          }
        ],
        "map_locations": [
          {
            "map": "worldmap",
            "x": 524,
            "y": 208
          }
        ]
      },
      {
        "name": "Bandit's Way",
        "sections": [
          {
            "name": "Croco 1 (320 HP)",
            "hosted_item": "croco1",
            "capture_item": false
          },
          {
            "name": "Key Item From Croco",
            "hosted_item": "rfckeyitem",
            "capture_item": false
          },
          {
            "name": "Randomized Items",
            "hosted_item": "bwchest0",
            "capture_item": false
          }
        ],
        "map_locations": [
          {
            "map": "worldmap",
            "x": 462,
            "y": 238
          }
        ]
      },
      {
        "name": "Kero Sewers",
        "sections": [
          {
            "name": "Pandorite (300 HP)",
            "hosted_item": "pandorite",
            "capture_item": false
          },
          {
            "name": "Belome 1 (500 HP)",
            "hosted_item": "belome1",
            "capture_item": false
          },
          {
            "name": "Randomized Items",
            "hosted_item": "kschest0",
            "capture_item": false
          }
        ],
        "map_locations": [
          {
            "map": "worldmap",
            "x": 550,
            "y": 296
          }
        ]
      },
      {
        "name": "Midas River",
        "sections": [
          {
            "name": "Randomized Item",
            "hosted_item": "mrchest0",
            "capture_item": false
          }
        ],
        "map_locations": [
          {
            "map": "worldmap",
            "x": 526,
            "y": 330
          }
        ]
      },
      {
        "name": "Tadpole Pond",
        "sections": [
          {
            "name": "Song 1",
            "hosted_item": "ackeyitem",
            "capture_item": false
          },
          {
            "name": "Song 2",
            "access_rules": ["punchinello"],
            "hosted_item": "tckeyitem",
            "capture_item": false
          },
          {
            "name": "Song 3",
            "access_rules": ["belome2"],
            "hosted_item": "sckeyitem",
            "capture_item": false
          },
          {
            "name": "Cricket Pie Reward",
            "access_rules": ["cricketpie"],
            "hosted_item": "tp1chest0",
            "capture_item": false
          },
          {
            "name": "Cricket Jam Reward",
            "access_rules": ["cricketjam"],
            "hosted_item": "tp2chest0",
            "capture_item": false
          },
          {
            "name": "Juice Bar",
            "hosted_item": "tpcoin",
            "capture_item": true
          },
          {
            "name": "Frog Coin Emporium",
            "hosted_item": "tpfrogcoin",
            "capture_item": true
          }
        ],
        "map_locations": [
          {
            "map": "worldmap",
            "x": 492,
            "y": 360
          }
        ]
      },
      {
        "name": "Rose Way",
        "sections": [
          {
            "name": "Randomized Item",
            "hosted_item": "rwchest0",
            "capture_item": false
          }
        ],
        "map_locations": [
          {
            "map": "worldmap",
            "x": 524,
            "y": 388
          }
        ]
      },
      {
        "name": "Rose Town",
        "sections": [
          {
            "name": "Behind the Wooden Flower",
            "hosted_item": "gfkeyitem",
            "capture_item": false
          },
          {
            "name": "Randomized Items",
            "hosted_item": "rtchest0",
            "capture_item": false
          },
          {
            "name": "Gaz Reward",
            "access_rules": ["bowyer"],
            "hosted_item": "rt1chest0",
            "capture_item": false
          },
          {
            "name": "Gardner Rewards",
            "access_rules": ["seed"],
            "access_rules": ["fertilizer"],
            "hosted_item": "rt2chest0",
            "capture_item": false
          },
          {
            "name": "Shops",
            "hosted_item": "rtcoin",
            "capture_item": true
          }
        ],
        "map_locations": [
          {
            "map": "worldmap",
            "x": 472,
            "y": 406
          }
        ]
      },
      {
        "name": "Forest Maze",
        "sections": [
          {
            "name": "Bowyer (720 HP)",
            "hosted_item": "bowyer",
            "capture_item": false
          },
          {
            "name": "Randomized Items",
            "hosted_item": "fmchest0",
            "capture_item": false
          }
        ],
        "map_locations": [
          {
            "map": "worldmap",
            "x": 432,
            "y": 354
          }
        ]
      },
      {
        "name": "Pipe Vault",
        "sections": [
          {
            "name": "Randomized Items",
            "hosted_item": "pvchest0",
            "capture_item": false
          }
        ],
        "map_locations": [
          {
            "map": "worldmap",
            "x": 378,
            "y": 386
          }
        ]
      },
      {
        "name": "Yo'Ster Isle",
        "sections": [
          {
            "name": "Between the O and A",
            "hosted_item": "bbfkeyitem",
            "capture_item": false
          },
          {
            "name": "Randomized Item",
            "hosted_item": "yichest0",
            "capture_item": false
          }
        ],
        "map_locations": [
          {
            "map": "worldmap",
            "x": 352,
            "y": 568
          }
        ]
      },
      {
        "name": "Moleville",
        "sections": [
          {
            "name": "Croco 2 (750 HP)",
            "hosted_item": "croco2",
            "capture_item": false
          },
          {
            "name": "Punchinello (1200 HP)",
            "access_rules": ["bambinobomb"],
            "hosted_item": "punchinello",
            "capture_item": false
          },
          {
            "name": "Key Item from Croco Again",
            "hosted_item": "bbkeyitem",
            "capture_item": false
          },
          {
            "name": "Randomized Items",
            "hosted_item": "mvchest0",
            "capture_item": false
          },
          {
            "name": "Post-Demolition Randomized Items",
            "access_rules": ["bambinobomb"],
            "hosted_item": "mv1chest0",
            "capture_item": false
          },
          {
            "name": "Treasure Hunter Item 1",
            "access_rules": ["punchinello"],
            "hosted_item": "mv2chest0",
            "capture_item": false
          },
          {
            "name": "Treasure Hunter Item 2",
            "access_rules": ["yaridovich"],
            "hosted_item": "mv3chest0",
            "capture_item": false
          },
          {
            "name": "Treasure Hunter Item 3",
            "access_rules": ["axemrangers"],
            "hosted_item": "mv4chest0",
            "capture_item": false
          },
          {
            "name": "Shop",
            "hosted_item": "mvcoin",
            "capture_item": true
          }
        ],
        "map_locations": [
          {
            "map": "worldmap",
            "x": 404,
            "y": 420
          }
        ]
      },
      {
        "name": "Booster Pass",
        "sections": [
          {
            "name": "Randomized Items",
            "hosted_item": "bpchest0",
            "capture_item": false
          },
          {
            "name": "Booster Secret Randomized Items",
            "hosted_item": "bp1chest0",
            "capture_item": false
          }
        ],
        "map_locations": [
          {
            "map": "worldmap",
            "x": 358,
            "y": 464
          }
        ]
      },
      {
        "name": "Booster Tower",
        "sections": [
          {
            "name": "Booster (1400 HP)",
            "hosted_item": "booster",
            "capture_item": false
          },
          {
            "name": "Grate Guy and Knife Guy (1600 HP)",
            "hosted_item": "grateknifeguy",
            "capture_item": false
          },
          {
            "name": "Potrait Mini-Game",
            "hosted_item": "ekkeyitem",
            "capture_item": false
          },
          {
            "name": "Fireball Minefield",
            "hosted_item": "rkkeyitem",
            "capture_item": false
          },
          {
            "name": "Juggling Mini-Game",
            "access_rules": ["grateknifeguy"],
            "hosted_item": "bckeyitem",
            "capture_item": false
          },
          {
            "name": "Randomized Items",
            "hosted_item": "btchest0",
            "capture_item": false
          },
          {
            "name": "Elder Key Reward",
            "access_rules": ["elderkey"],
            "hosted_item": "bt1chest0",
            "capture_item": false
          },
          {
            "name": "Room Key Reward",
            "access_rules": ["roomkey"],
            "hosted_item": "bt2chest0",
            "capture_item": false
          }
        ],
        "map_locations": [
          {
            "map": "worldmap",
            "x": 320,
            "y": 410
          }
        ]
      },
      {
        "name": "Booster Hill",
        "sections": [
          {
            "name": "Gotta Catch'em All",
            "hosted_item": "flower",
            "capture_item": false
          }
        ],
        "map_locations": [
          {
            "map": "worldmap",
            "x": 282,
            "y": 468
          }
        ]
      },
      {
        "name": "Marrymore",
        "sections": [
          {
            "name": "Bundt (1500 HP)",
            "hosted_item": "bundt",
            "capture_item": false
          },
          {
            "name": "Randomized Items",
            "hosted_item": "mmchest0",
            "capture_item": false
          },
          {
            "name": "Shop",
            "hosted_item": "mmcoin",
            "capture_item": true
          }
        ],
        "map_locations": [
          {
            "map": "worldmap",
            "x": 266,
            "y": 422
          }
        ]
      },
      {
        "name": "Star Hill",
        "sections": [
          {
            "name": "Free Star Location",
            "hosted_item": "starhill",
            "capture_item": false
          }
        ],
        "map_locations": [
          {
            "map": "worldmap",
            "x": 220,
            "y": 376
          }
        ]
      },
      {
        "name": "Seaside Town",
        "sections": [
          {
            "name": "Yaridovich (1500 HP)",
            "hosted_item": "yaridovich",
            "capture_item": false
          },
          {
            "name": "Key Item from Yaridovich",
            "hosted_item": "skkeyitem",
            "capture_item": false
          },
          {
            "name": "Shed Key Reward",
            "access_rules": ["shedkey"],
            "hosted_item": "stchest0",
            "capture_item": false
          },
          {
            "name": "Imposter Shop",
            "hosted_item": "stcoin",
            "capture_item": true
          },
          {
            "name": "Frogfucius' Student",
            "hosted_item": "stfrogcoin",
            "capture_item": true
          },
          {
            "name": "Shed Key Shops",
            "access_rules": ["shedkey"],
            "hosted_item": "st1coin",
            "capture_item": true
          }
        ],
        "map_locations": [
          {
            "map": "worldmap",
            "x": 136,
            "y": 426
          }
        ]
      },
      {
        "name": "Sea",
        "sections": [
          {
            "name": "Randomized Items",
            "hosted_item": "schest0",
            "capture_item": false
          },
          {
            "name": "Ghost Shop",
            "hosted_item": "scoin",
            "capture_item": true
          }
        ],
        "map_locations": [
          {
            "map": "worldmap",
            "x": 94,
            "y": 444
          }
        ]
      },
      {
        "name": "Sunken Ship",
        "sections": [
          {
            "name": "King Calamari (2640 HP)",
            "hosted_item": "kingcalamari",
            "capture_item": false
          },
          {
            "name": "Hidon (600 HP)",
            "hosted_item": "hidon",
            "capture_item": false
          },
          {
            "name": "Johnathan Jones (1820 HP)",
            "hosted_item": "johnathanjones",
            "capture_item": false
          },
          {
            "name": "Randomized Items",
            "hosted_item": "sschest0",
            "capture_item": false
          }
        ],
        "map_locations": [
          {
            "map": "worldmap",
            "x": 64,
            "y": 514
          }
        ]
      },
      {
        "name": "Land's End",
        "sections": [
          {
            "name": "Belome 2 (1200 HP)",
            "hosted_item": "belome2",
            "capture_item": false
          },
          {
            "name": "Land's End Secret at Kero Sewers",
            "hosted_item": "cjkeyitem",
            "capture_item": false
          },
          {
            "name": "Randomized Items",
            "hosted_item": "lechest0",
            "capture_item": false
          },
          {
            "name": "Temple Key Rewards",
            "access_rules": ["templekey"],
            "hosted_item": "le1chest0",
            "capture_item": false
          }
        ],
        "map_locations": [
          {
            "map": "worldmap",
            "x": 118,
            "y": 310
          }
        ]
      },
      {
        "name": "Monstro Town",
        "sections": [
          {
            "name": "Jagger (600 HP)",
            "hosted_item": "jagger",
            "capture_item": false
          },
          {
            "name": "Jinx 1 (600 HP)",
            "hosted_item": "jinx1",
            "capture_item": false
          },
          {
            "name": "Jinx 2 (800 HP)",
            "hosted_item": "jinx2",
            "capture_item": false
          },
          {
            "name": "Jinx 3 (1000 HP)",
            "hosted_item": "jinx3",
            "capture_item": false
          },
          {
            "name": "Culex (12396 HP)",
            "access_rules": ["shinystone"],
            "hosted_item": "culex",
            "capture_item": false
          },
          {
            "name": "7 Stomp Thwomp",
            "hosted_item": "tkkeyitem",
            "capture_item": false
          },
          {
            "name": "Randomized Items",
            "hosted_item": "mtchest0",
            "capture_item": false
          },
          {
            "name": "Ghost Flags Reward",
            "access_rules": ["bigbooflag"],
            "access_rules": ["drybonesflag"],
            "access_rules": ["greaperflag"],
            "hosted_item": "mt1chest0",
            "capture_item": false
          },
          {
            "name": "Culex Reward",
            "access_rules": ["culex"],
            "hosted_item": "mt2chest0",
            "capture_item": false
          },
          {
            "name": "Goomba Shops",
            "hosted_item": "mtcoin",
            "capture_item": true
          }
        ],
        "map_locations": [
          {
            "map": "worldmap",
            "x": 82,
            "y": 334
          }
        ]
      },
      {
        "name": "Bean Valley",
        "sections": [
          {
            "name": "Box Boy (900 HP)",
            "hosted_item": "boxboy",
            "capture_item": false
          },
          {
            "name": "Megasmilax (2600 HP)",
            "hosted_item": "megasmilax",
            "capture_item": false
          },
          {
            "name": "Key Item from Megasmilax",
            "hosted_item": "skeyitem",
            "capture_item": false
          },
          {
            "name": "Valley Side Randomized Items",
            "hosted_item": "bchest0",
            "capture_item": false
          },
          {
            "name": "Cloud Side Randomized Items",
            "hosted_item": "b1chest0",
            "capture_item": false
          }
        ],
        "map_locations": [
          {
            "map": "worldmap",
            "x": 122,
            "y": 256
          }
        ]
      },
      {
        "name": "Grate Guy's Casino",
        "access_rules": ["brightcard"],
        "sections": [
          {
            "name": "Warp to Smithy (2000 + 8000 HP)",
            "hosted_item": "smithy",
            "capture_item": false
          }
        ],
        "map_locations": [
          {
            "map": "worldmap",
            "x": 78,
            "y": 278
          }
        ]
      },
      {
        "name": "Nimbus Land",
        "sections": [
          {
            "name": "Dodo (800 HP)",
            "hosted_item": "dodo",
            "capture_item": false
          },
          {
            "name": "Birdo (777 HP)",
            "access_rules": ["castlekey1"],
            "hosted_item": "birdo",
            "capture_item": false
          },
          {
            "name": "Valentina (3000 HP)",
            "access_rules": ["castlekey1"],
            "access_rules": ["castlekey2"],
            "hosted_item": "valentina",
            "capture_item": false
          },
          {
            "name": "Key Item from the Prisoner",
            "hosted_item": "ck1keyitem",
            "capture_item": false
          },
          {
            "name": "Key Item from Birdo",
            "hosted_item": "ck2keyitem",
            "capture_item": false
          },
          {
            "name": "Hidden Path to Shyaway's Stash",
            "access_rules": ["castlekey1"],
            "access_rules": ["castlekey2"],
            "hosted_item": "fkeyitem",
            "capture_item": false
          },
          {
            "name": "Randomized Items",
            "hosted_item": "nlchest0",
            "capture_item": false
          },
          {
            "name": "Locked Randomized Item",
            "access_rules": ["castlekey1"],
            "access_rules": ["castlekey2"],
            "hosted_item": "nl1chest0",
            "capture_item": false
          },
          {
            "name": "Emancipated Randomized Items",
            "access_rules": ["valentina"],
            "hosted_item": "nl2chest0",
            "capture_item": false
          },
          {
            "name": "Shop",
            "hosted_item": "nlcoin",
            "capture_item": true
          }
        ],
        "map_locations": [
          {
            "map": "worldmap",
            "x": 106,
            "y": 132
          }
        ]
      },
      {
        "name": "Barrel Volcano",
        "sections": [
          {
            "name": "Czar Dragon/Zombone (3200 HP)",
            "hosted_item": "czarzombone",
            "capture_item": false
          },
          {
            "name": "Axem Rangers (3799 HP)",
            "hosted_item": "axemrangers",
            "capture_item": false
          },
          {
            "name": "Randomized Items",
            "hosted_item": "bvchest0",
            "capture_item": false
          },
          {
            "name": "Hinopio's Shops",
            "hosted_item": "bvcoin",
            "capture_item": true
          }
        ],
        "map_locations": [
          {
            "map": "worldmap",
            "x": 194,
            "y": 206
          }
        ]
      },
      {
        "name": "Bowser's Keep",
        "sections": [
          {
            "name": "Magikoopa (1600 HP)",
            "hosted_item": "magikoopa",
            "capture_item": false
          },
          {
            "name": "Boomer (2000 HP)",
            "hosted_item": "boomer",
            "capture_item": false
          },
          {
            "name": "Exor (3400 HP)",
            "hosted_item": "exor",
            "capture_item": false
          },
          {
            "name": "Randomized Items",
            "hosted_item": "bkchest0",
            "capture_item": false
          },
          {
            "name": "Croco's Shops",
            "hosted_item": "bkcoin",
            "capture_item": true
          }
        ],
        "map_locations": [
          {
            "map": "worldmap",
            "x": 321,
            "y": 138
          }
        ]
      },
      {
        "name": "Factory",
        "access_rules": ["star6"],
        "sections": [
          {
            "name": "Countdown (4800 HP)",
            "hosted_item": "countdown",
            "capture_item": false
          },
          {
            "name": "Cloaker and Domino (3600 or 4600 HP)",
            "hosted_item": "cloakerdomino",
            "capture_item": false
          },
          {
            "name": "Clerk (900 HP)",
            "hosted_item": "clerk",
            "capture_item": false
          },
          {
            "name": "Manager (1340 HP)",
            "hosted_item": "manager",
            "capture_item": false
          },
          {
            "name": "Director (1600 HP)",
            "hosted_item": "director",
            "capture_item": false
          },
          {
            "name": "Gunyolk (2500 HP)",
            "hosted_item": "gunyolk",
            "capture_item": false
          },
          {
            "name": "Smithy (2000 + 8000 HP)",
            "hosted_item": "smithy",
            "capture_item": false
          },
          {
            "name": "Randomized Items",
            "hosted_item": "fchest0",
            "capture_item": false
          },
          {
            "name": "Toad's Shop",
            "hosted_item": "fcoin",
            "capture_item": true
          }
        ],
        "map_locations": [
          {
            "map": "worldmap",
            "x": 321,
            "y": 75
          }
        ]
      }
    ]
  }
]