﻿{
  "type": "array",
  "background": "#000000",
  "margin": "0",
  "content": [
    {
      "type": "array",
      "dropshadow": true,
      "orientation": "vertical",
      "content": [
        {
          "type": "itemgrid",
          "h_alignment": "center",
          "item_margin": "0,0",
          "item_size": 50,
          "rows": [
                                [ "", "star1", "", "", "", "", "hammerbrosx", "croco1x", "mackx", "pandoritex", "belome1x" ],
				[ "star6", "star7", "star2", "brightcard", "altocard", "", "bowyerx", "croco2x", "punchinellox", "boosterx", "grateknifeguyx" ],
                                [ "star5", "star4", "star3", "rarefrogcoin", "carbocookie", "", "bundtx", "starhillx", "kingcalamarix", "hidonx", "johnnyx" ],
				[ "bigbooflag", "greaperflag", "drybonesflag", "cricketpie", "cricketjam", "", "yardovichx", "belome2x", "jaggerx", "jinx1x", "jinx2x" ],
                                [ "castlekey1", "castlekey2", "shedkey", "seed", "fertilizer", "", "jinx3x", "culexx", "boxboyx", "megasmilaxx", "dodox" ],
                                [ "elderkey", "roomkey", "templekey", "shinystone", "bambinobomb", "", "birdox", "valentinax", "czarzombonex", "axemrangersx", "magikoopax" ],
				[ "", "", "", "", "", "", "boomerx", "exorx", "countdownx", "cloakerdominox", "clerkx" ],
				[ "marioportrait", "mallowportrait", "genoportrait", "bowserportrait", "peachportrait", "", "managerx", "directorx", "gunyolkx", "smithyx", "" ]
          ]
        }
      ]
    }
  ]
}