﻿{
  "map_enabled": false,
  "auto_pin_capturing_locations": false,
  "auto_unpin_on_clear": false,
  "layout_swap_left_right": false,
  "allow_resize": false,
  "disabled_image_filter": "grayscale, dim",
  "layouts": {
    "shared_item_grid": {
      "type": "array",
      "h_alignment": "horizontal",
      "content": [
        {
          "type": "array",
          "orientation": "horizontal",
          "content": [
            {
              "type": "itemgrid",
              "h_alignment": "center",
              "item_margin": "0,0",
                          "item_size": 50,
			  "rows": [
                                [ "", "star1", "", "", "", "", "hammerbrosx", "croco1x", "mackx", "pandoritex", "belome1x" ],
				[ "star6", "star7", "star2", "brightcard", "altocard", "", "bowyerx", "croco2x", "punchinellox", "boosterx", "grateknifeguyx" ],
                                [ "star5", "star4", "star3", "rarefrogcoin", "carbocookie", "", "bundtx", "starhillx", "kingcalamarix", "hidonx", "johnnyx" ],
				[ "bigbooflag", "greaperflag", "drybonesflag", "cricketpie", "cricketjam", "", "yardovichx", "belome2x", "jaggerx", "jinx1x", "jinx2x" ],
                                [ "castlekey1", "castlekey2", "shedkey", "seed", "fertilizer", "", "jinx3x", "culexx", "boxboyx", "megasmilaxx", "dodox" ],
                                [ "elderkey", "roomkey", "templekey", "shinystone", "bambinobomb", "", "birdox", "valentinax", "czarzombonex", "axemrangersx", "magikoopax" ],
				[ "", "", "", "", "", "", "boomerx", "exorx", "countdownx", "cloakerdominox", "clerkx" ],
				[ "marioportrait", "mallowportrait", "genoportrait", "bowserportrait", "peachportrait", "", "managerx", "directorx", "gunyolkx", "smithyx", "" ]
				
              ]
            }
          ]
        }
      ]
    },
    "tracker_capture_item": {
      "type": "container",
      "content": {
        "type": "layout",
        "key": "shared_item_grid"
      }
    },
    "tracker_default": {
      "type": "container",
      "width": 550,
      "height": 400,
      "background": "#000000",
      "content": {
        "dropshadow": false,
        "margin": 0,
        "type": "layout",
        "key": "shared_item_grid"
      }
    }
  }
}
