﻿{
  "type": "array",
  "margin": "0",
  "content": [
    {
      "type": "array",
      "dropshadow": true,
      "orientation": "vertical",
      "content": [
        {
          "type": "itemgrid",
          "h_alignment": "center",
          "item_margin": "1,1",
          "item_size": 50,
          "rows": [
				[ "", "star1", "star2", "star3", "star4", "star5", "star6", "star7", "" ],
                                [ "elderkey", "roomkey", "shedkey", "templekey", "castlekey1", "castlekey2", "bigbooflag", "drybonesflag", "greaperflag" ],
                                [ "brightcard", "altocard", "cricketpie", "cricketjam", "seed", "fertilizer", "rarefrogcoin", "bambinobomb", "shinystone" ],
                                [ "hammerbrosx", "croco1x", "mackx", "pandoritex", "belome1x", "bowyerx", "croco2x", "punchinellox", "boosterx", ],
				[ "grateknifeguyx", "bundtx", "starhillx", "kingcalamarix", "hidonx", "johnnyx", "yaridovichx", "belome2x", "jaggerx", "jinx1x" ],
                                [ "jinx2x", "jinx3x", "culexx", "boxboyx", "megasmilaxx", "dodox", "birdox", "valentinax", "czarzombonex", "axemrangersx" ],
				[ "magikoopax", "boomerx", "exorx", "countdownx", "cloakerdominox", "clerkx", "managerx", "directorx", "gunyolkx", "smithyx" ],
          ]
        }
      ]
    }
  ]
}