﻿{
  "type": "array",
  "margin": "0",
  "content": [
    {
      "type": "array",
      "dropshadow": true,
      "orientation": "vertical",
      "content": [
        {
          "type": "itemgrid",
          "h_alignment": "center",
          "item_margin": "0,0",
          "item_size": 50,
          "rows": [
				[ "elderkey", "roomkey", "bigbooflag", "altocard", "cricketpie", "seed" ],
                                [ "shedkey", "templekey", "drybonesflag", "brightcard", "cricketjam", "fertilizer" ],
				[ "castlekey1", "castlekey2", "greaperflag", "rarefrogcoin", "bambinobomb", "shinystone" ],
                                [ "star1", "star2", "star3", "star4", "star5", "star6", "star7" ],
          ]
        }
      ]
    }
  ]
}